Date,Open,High,Low,Close,Volume
20250428,898.00,898.00,893.00,897.00,25396
20250425,900.00,901.00,886.00,888.00,39651
20250424,886.00,886.00,859.00,864.00,34499
20250423,853.00,873.00,848.00,873.00,40685
20250422,826.00,829.00,816.00,816.00,32057
20250421,844.00,847.00,832.00,835.00,20672
20250418,853.00,858.00,850.00,850.00,23249
20250417,849.00,856.00,842.00,847.00,36449
20250416,867.00,869.00,852.00,855.00,47199
20250415,874.00,879.00,865.00,877.00,35642
20250414,895.00,903.00,865.00,865.00,72625
20250411,848.00,889.00,836.00,889.00,81264
20250410,863.00,863.00,863.00,863.00,28397
20250409,809.00,826.00,780.00,785.00,122044
20250408,797.00,843.00,797.00,816.00,136580
20250407,848.00,848.00,848.00,848.00,37652
20250402,949.00,952.00,938.00,942.00,28201
20250401,929.00,946.00,925.00,944.00,33673
20250331,920.00,924.00,910.00,910.00,59733
20250328,946.00,955.00,946.00,952.00,37802
20250327,961.00,964.00,958.00,958.00,44589
20250326,995.00,995.00,980.00,980.00,25939
20250325,989.00,995.00,985.00,990.00,28306
20250324,986.00,987.00,972.00,972.00,16866
20250321,985.00,987.00,970.00,972.00,46869
20250320,978.00,985.00,971.00,985.00,31993
20250319,965.00,967.00,950.00,952.00,43493
20250318,976.00,978.00,968.00,971.00,25716
20250317,977.00,985.00,968.00,970.00,35012
20250314,965.00,969.00,955.00,959.00,42394
20250313,1000.00,1005.00,965.00,965.00,42915
20250312,980.00,995.00,976.00,988.00,38527
20250311,969.00,979.00,963.00,971.00,58764
20250310,1005.00,1005.00,992.00,998.00,55410
20250307,1005.00,1010.00,1000.00,1005.00,50358
20250306,1020.00,1025.00,1005.00,1005.00,49318
20250305,1020.00,1030.00,1015.00,1020.00,45086
20250304,996.00,1010.00,996.00,1000.00,70879
20250303,1000.00,1020.00,1000.00,1020.00,73279
20250227,1065.00,1065.00,1040.00,1040.00,61646
20250226,1045.00,1060.00,1045.00,1060.00,42921
20250225,1055.00,1060.00,1050.00,1055.00,53174
20250224,1080.00,1085.00,1075.00,1075.00,33837
20250221,1085.00,1095.00,1080.00,1095.00,31480
20250220,1080.00,1085.00,1070.00,1080.00,31108
20250219,1090.00,1095.00,1085.00,1090.00,28756
20250218,1085.00,1100.00,1080.00,1100.00,24018
20250217,1065.00,1085.00,1065.00,1085.00,37215
20250214,1065.00,1070.00,1060.00,1060.00,73417
20250213,1090.00,1095.00,1080.00,1090.00,35681
20250212,1110.00,1115.00,1100.00,1100.00,26190
20250211,1110.00,1115.00,1100.00,1110.00,21023
20250210,1125.00,1125.00,1095.00,1105.00,31037
20250207,1110.00,1125.00,1105.00,1125.00,31107
20250206,1120.00,1120.00,1105.00,1115.00,33768
20250205,1110.00,1120.00,1105.00,1110.00,43082
20250204,1085.00,1100.00,1080.00,1095.00,57904
20250203,1065.00,1075.00,1060.00,1070.00,113031
20250122,1140.00,1150.00,1135.00,1135.00,45996
20250121,1115.00,1125.00,1110.00,1120.00,24368
20250120,1125.00,1135.00,1120.00,1120.00,32062
20250117,1125.00,1125.00,1095.00,1120.00,60857
20250116,1095.00,1115.00,1090.00,1105.00,49872
20250115,1085.00,1085.00,1065.00,1065.00,37966
20250114,1085.00,1090.00,1075.00,1090.00,31280
20250113,1110.00,1115.00,1070.00,1075.00,62629
20250110,1100.00,1110.00,1100.00,1100.00,24475
20250109,1100.00,1115.00,1100.00,1100.00,29916
20250108,1110.00,1130.00,1105.00,1105.00,49181
20250107,1150.00,1160.00,1130.00,1130.00,54691
20250106,1100.00,1125.00,1095.00,1125.00,77874
20250103,1080.00,1085.00,1075.00,1075.00,31244
20250102,1070.00,1075.00,1055.00,1065.00,45045
20241231,1080.00,1085.00,1075.00,1075.00,29239
20241230,1090.00,1095.00,1085.00,1090.00,27437
20241227,1080.00,1095.00,1080.00,1090.00,26151
20241226,1085.00,1090.00,1085.00,1085.00,15017
20241225,1090.00,1090.00,1080.00,1085.00,16186
20241224,1095.00,1095.00,1080.00,1080.00,30069
20241223,1065.00,1080.00,1060.00,1080.00,32800
20241220,1060.00,1060.00,1035.00,1035.00,56392
20241219,1065.00,1070.00,1055.00,1070.00,46126
20241218,1075.00,1090.00,1070.00,1085.00,47331
20241217,1090.00,1095.00,1075.00,1075.00,40033
20241216,1085.00,1085.00,1075.00,1085.00,43679
20241213,1060.00,1070.00,1055.00,1065.00,24329
20241212,1060.00,1065.00,1055.00,1060.00,26574
20241211,1045.00,1060.00,1045.00,1045.00,26948
20241210,1070.00,1075.00,1060.00,1065.00,32359
20241209,1070.00,1075.00,1065.00,1075.00,30255
20241206,1075.00,1080.00,1060.00,1065.00,32090
20241205,1070.00,1080.00,1070.00,1075.00,41293
20241204,1065.00,1070.00,1055.00,1070.00,35431
20241203,1060.00,1065.00,1055.00,1055.00,48632
20241202,1020.00,1040.00,1015.00,1035.00,33333
20241129,995.00,1010.00,994.00,996.00,43621
20241128,1005.00,1005.00,992.00,1005.00,37166
20241127,1010.00,1020.00,1000.00,1000.00,34602
20241126,1015.00,1020.00,1010.00,1010.00,31309
20241125,1045.00,1050.00,1030.00,1030.00,54443
20241122,1035.00,1050.00,1035.00,1040.00,32509
20241121,1020.00,1025.00,1010.00,1010.00,44679
20241120,1045.00,1050.00,1020.00,1025.00,40203
20241119,1030.00,1045.00,1025.00,1040.00,25497
20241118,1030.00,1035.00,1020.00,1025.00,33583
20241115,1040.00,1045.00,1030.00,1035.00,37405
20241114,1030.00,1040.00,1025.00,1035.00,49328
20241113,1045.00,1050.00,1035.00,1035.00,46420
20241112,1060.00,1065.00,1050.00,1050.00,54098
20241111,1080.00,1090.00,1070.00,1085.00,36630
20241108,1085.00,1090.00,1080.00,1090.00,38840
20241107,1050.00,1075.00,1050.00,1065.00,46030
20241106,1050.00,1080.00,1040.00,1060.00,59404
20241105,1030.00,1055.00,1030.00,1050.00,33407
20241104,1030.00,1045.00,1025.00,1040.00,28225
20241101,996.00,1030.00,996.00,1025.00,61545
20241030,1040.00,1055.00,1030.00,1030.00,40765
20241029,1035.00,1040.00,1020.00,1040.00,48097
20241028,1075.00,1080.00,1050.00,1050.00,41665
20241025,1065.00,1070.00,1060.00,1065.00,23347
20241024,1070.00,1075.00,1055.00,1060.00,40791
20241023,1060.00,1070.00,1055.00,1060.00,32895
20241022,1065.00,1075.00,1060.00,1075.00,43740
20241021,1090.00,1095.00,1080.00,1085.00,42094
20241018,1095.00,1100.00,1075.00,1085.00,91036
20241017,1050.00,1055.00,1030.00,1035.00,56618
20241016,1040.00,1070.00,1035.00,1045.00,60312
20241015,1050.00,1075.00,1050.00,1070.00,52066
20241014,1045.00,1055.00,1035.00,1045.00,39906
20241011,1025.00,1050.00,1020.00,1045.00,47776
20241009,1030.00,1035.00,1020.00,1020.00,53208
20241008,1000.00,1010.00,997.00,1010.00,35344
20241007,993.00,1010.00,989.00,1005.00,43850
20241004,986.00,986.00,967.00,977.00,43765
20241001,967.00,977.00,967.00,972.00,27877
20240930,978.00,990.00,957.00,957.00,66874
20240927,1020.00,1025.00,1000.00,1000.00,37665
20240926,1010.00,1015.00,1005.00,1015.00,43341
20240925,1000.00,1005.00,998.00,1005.00,43039
20240924,976.00,987.00,971.00,987.00,29324
20240923,971.00,977.00,971.00,977.00,15399
20240920,981.00,982.00,971.00,973.00,66762
20240919,940.00,960.00,936.00,960.00,35254
20240918,945.00,948.00,933.00,941.00,30094
20240916,952.00,952.00,943.00,947.00,14456
20240913,955.00,955.00,939.00,947.00,28307
20240912,936.00,944.00,928.00,940.00,43749
20240911,906.00,906.00,900.00,901.00,19513
20240910,907.00,911.00,901.00,904.00,34312
20240909,892.00,900.00,891.00,899.00,38448
20240906,909.00,918.00,903.00,918.00,28248
20240905,907.00,915.00,900.00,902.00,34147
20240904,894.00,905.00,888.00,889.00,93169
20240903,948.00,952.00,939.00,940.00,23205
20240902,950.00,955.00,943.00,948.00,19272
20240830,944.00,952.00,941.00,944.00,75533
20240829,942.00,947.00,937.00,943.00,46275
20240828,945.00,964.00,943.00,964.00,33519
20240827,945.00,946.00,940.00,942.00,19969
20240826,957.00,961.00,945.00,950.00,26518
20240823,944.00,952.00,939.00,949.00,31203
20240822,958.00,964.00,948.00,951.00,25850
20240821,961.00,964.00,956.00,958.00,32606
20240820,977.00,977.00,968.00,973.00,26420
20240819,969.00,975.00,964.00,973.00,22416
20240816,963.00,969.00,958.00,969.00,49830
20240815,945.00,950.00,941.00,943.00,21714
20240814,951.00,955.00,945.00,948.00,40527
20240813,945.00,945.00,937.00,941.00,26831
20240812,942.00,948.00,931.00,940.00,40968
20240809,927.00,934.00,922.00,934.00,54464
20240808,901.00,905.00,887.00,896.00,41288
20240807,901.00,920.00,893.00,920.00,62643
20240806,868.00,895.00,840.00,880.00,108521
20240805,852.00,857.00,813.00,815.00,159662
20240802,918.00,928.00,903.00,903.00,89044
20240801,969.00,969.00,948.00,960.00,50257
20240731,929.00,940.00,928.00,934.00,47407
20240730,930.00,949.00,926.00,940.00,45996
20240729,942.00,948.00,936.00,944.00,44000
20240726,915.00,930.00,915.00,924.00,95625
20240723,963.00,979.00,956.00,979.00,53439
20240722,964.00,965.00,938.00,939.00,90266
20240719,988.00,995.00,970.00,970.00,110541
20240718,988.00,1005.00,986.00,1005.00,94327
20240717,1035.00,1045.00,1020.00,1030.00,62390
20240716,1040.00,1070.00,1035.00,1055.00,36244
20240715,1040.00,1045.00,1025.00,1040.00,44123
20240712,1030.00,1045.00,1025.00,1040.00,79472
20240711,1065.00,1080.00,1055.00,1080.00,49304
20240710,1020.00,1050.00,1015.00,1045.00,51810
20240709,1030.00,1055.00,1025.00,1040.00,54339
20240708,1005.00,1050.00,1000.00,1035.00,45678
20240705,1005.00,1010.00,1000.00,1005.00,21735
20240704,1000.00,1010.00,997.00,1005.00,47251
20240703,976.00,979.00,967.00,979.00,25022
20240702,967.00,971.00,959.00,960.00,27992
20240701,968.00,977.00,965.00,968.00,20936
20240628,956.00,971.00,955.00,966.00,42998
20240627,951.00,961.00,949.00,960.00,41276
20240626,951.00,960.00,951.00,960.00,48821
20240625,925.00,945.00,923.00,945.00,62079
20240624,958.00,960.00,940.00,940.00,74081
20240621,961.00,978.00,960.00,970.00,97995
20240620,971.00,981.00,971.00,981.00,52144
20240619,953.00,984.00,953.00,981.00,76684
20240618,944.00,950.00,940.00,943.00,40870
20240617,913.00,925.00,913.00,921.00,28796
20240614,916.00,922.00,905.00,922.00,43289
20240613,923.00,935.00,911.00,919.00,59656
20240612,888.00,914.00,888.00,909.00,51874
20240611,892.00,895.00,883.00,883.00,57435
20240607,885.00,888.00,879.00,879.00,44489
20240606,893.00,899.00,885.00,894.00,67300
20240605,841.00,857.00,835.00,854.00,37531
20240604,844.00,851.00,837.00,839.00,31031
20240603,839.00,853.00,837.00,846.00,29629
20240531,838.00,846.00,821.00,821.00,90177
20240530,841.00,848.00,838.00,838.00,42535
20240529,861.00,868.00,856.00,857.00,51073
20240528,867.00,873.00,865.00,865.00,32712
20240527,872.00,878.00,866.00,869.00,32691
20240524,858.00,872.00,858.00,867.00,37353
20240523,875.00,877.00,867.00,875.00,40771
20240522,845.00,865.00,843.00,864.00,40904
20240521,830.00,841.00,830.00,841.00,20548
20240520,834.00,838.00,822.00,835.00,30148
20240517,848.00,848.00,834.00,835.00,27855
20240516,852.00,856.00,837.00,841.00,46276
20240515,838.00,844.00,837.00,839.00,41805
20240514,816.00,825.00,811.00,825.00,29663
20240513,823.00,825.00,818.00,819.00,38146
20240510,803.00,807.00,798.00,802.00,27560
20240509,798.00,802.00,796.00,796.00,22863
20240508,794.00,802.00,792.00,802.00,22585
20240507,797.00,800.00,792.00,800.00,35917
20240506,791.00,793.00,786.00,786.00,33733
20240503,788.00,788.00,773.00,780.00,31026
20240502,789.00,789.00,772.00,772.00,47536
20240430,797.00,802.00,790.00,790.00,41627
20240429,790.00,795.00,787.00,795.00,30704
20240426,788.00,789.00,782.00,782.00,34721
20240425,770.00,774.00,765.00,766.00,30492
20240424,770.00,785.00,769.00,783.00,41652
20240423,761.00,761.00,752.00,754.00,32067
20240422,740.00,757.00,740.00,742.00,52354
20240419,769.00,770.00,746.00,750.00,143868
20240418,796.00,810.00,792.00,804.00,45765
20240417,798.00,808.00,793.00,804.00,36616
20240416,802.00,803.00,785.00,788.00,54120
20240415,804.00,812.00,803.00,806.00,41251
20240412,823.00,826.00,817.00,818.00,32473
20240411,811.00,820.00,811.00,820.00,27772
20240410,815.00,819.00,810.00,815.00,31109
20240409,795.00,820.00,792.00,819.00,61642
20240408,789.00,792.00,783.00,783.00,40567
20240403,783.00,785.00,778.00,780.00,32909
20240402,784.00,790.00,783.00,790.00,42219
20240401,783.00,783.00,769.00,770.00,22348
20240329,769.00,781.00,768.00,779.00,20212
20240328,774.00,776.00,768.00,769.00,28393
20240327,785.00,785.00,779.00,779.00,19732
20240326,788.00,792.00,776.00,782.00,43103
20240325,783.00,788.00,779.00,780.00,21223
20240322,788.00,789.00,775.00,785.00,32629
20240321,773.00,784.00,772.00,784.00,47759
20240320,764.00,769.00,752.00,758.00,48788
20240319,758.00,765.00,755.00,762.00,32078
20240318,754.00,765.00,754.00,764.00,46006
20240315,771.00,777.00,753.00,753.00,80580
20240314,779.00,785.00,770.00,784.00,48964
20240313,785.00,785.00,777.00,779.00,43130
20240312,757.00,771.00,754.00,770.00,63336
20240311,768.00,778.00,761.00,766.00,73436
20240308,795.00,796.00,772.00,784.00,98069
20240307,755.00,769.00,754.00,760.00,80382
20240306,718.00,738.00,717.00,735.00,52464
20240305,735.00,738.00,728.00,730.00,73299
20240304,714.00,725.00,711.00,725.00,97210
20240301,697.00,697.00,688.00,689.00,24167
20240229,691.00,698.00,688.00,690.00,59337
20240227,700.00,701.00,691.00,698.00,35389
20240226,700.00,700.00,695.00,698.00,29976
20240223,701.00,703.00,696.00,697.00,48404
20240222,695.00,695.00,685.00,692.00,34269
20240221,678.00,683.00,678.00,681.00,31980
20240220,675.00,688.00,675.00,687.00,31403
20240219,674.00,682.00,674.00,678.00,36366
20240216,697.00,699.00,683.00,683.00,48963
20240215,709.00,709.00,693.00,697.00,132263
20240205,645.00,647.00,638.00,646.00,48037
20240202,633.00,635.00,628.00,635.00,27797
20240201,625.00,628.00,619.00,628.00,46924
20240131,634.00,637.00,626.00,628.00,47554
20240130,642.00,647.00,642.00,642.00,40398
20240129,646.00,648.00,644.00,648.00,29828
20240126,644.00,646.00,639.00,644.00,44103
20240125,635.00,642.00,633.00,642.00,59214
20240124,628.00,630.00,624.00,627.00,29905
20240123,629.00,629.00,622.00,628.00,45761
20240122,633.00,633.00,623.00,626.00,70829
20240119,625.00,627.00,614.00,626.00,176166
20240118,586.00,589.00,585.00,588.00,36746
20240117,583.00,584.00,578.00,581.00,46857
20240116,581.00,588.00,579.00,580.00,28889
20240115,590.00,590.00,585.00,586.00,21900
20240112,581.00,588.00,581.00,584.00,17636
20240111,586.00,589.00,583.00,586.00,27842
20240110,581.00,586.00,580.00,584.00,13708
20240109,588.00,589.00,583.00,586.00,23718
20240108,582.00,585.00,579.00,583.00,19270
20240105,578.00,580.00,574.00,576.00,22008
20240104,580.00,581.00,577.00,580.00,18063
20240103,584.00,585.00,576.00,578.00,40134
20240102,590.00,593.00,589.00,593.00,27997
20231229,589.00,593.00,589.00,593.00,20155
20231228,592.00,593.00,589.00,593.00,27152
20231227,587.00,592.00,586.00,592.00,34750
20231226,583.00,586.00,582.00,586.00,17033
20231225,582.00,585.00,580.00,581.00,9994
20231222,582.00,582.00,579.00,582.00,19328
20231221,577.00,579.00,575.00,577.00,26007
20231220,587.00,587.00,583.00,585.00,38628
20231219,588.00,588.00,580.00,585.00,30591
20231218,579.00,585.00,577.00,585.00,26938
20231215,585.00,586.00,580.00,585.00,58693
20231214,581.00,582.00,579.00,582.00,40580
20231213,576.00,579.00,576.00,577.00,24327
20231212,580.00,581.00,575.00,578.00,32856
20231211,572.00,575.00,570.00,574.00,29204
20231208,574.00,577.00,570.00,570.00,39243
20231207,570.00,573.00,566.00,566.00,24259
20231206,568.00,575.00,568.00,570.00,23116
20231205,571.00,572.00,567.00,570.00,27355
20231204,582.00,582.00,571.00,574.00,29424
20231201,573.00,579.00,573.00,579.00,28797
20231130,576.00,577.00,570.00,577.00,54365
20231129,578.00,579.00,570.00,574.00,27786
20231128,565.00,576.00,565.00,575.00,26932
20231127,573.00,577.00,568.00,568.00,20321
20231124,577.00,578.00,574.00,575.00,12503
20231123,574.00,578.00,574.00,578.00,15143
20231122,576.00,579.00,574.00,577.00,23922
20231121,582.00,585.00,581.00,585.00,39880
20231120,576.00,579.00,575.00,577.00,26606
20231117,579.00,583.00,579.00,580.00,22878
20231116,581.00,583.00,578.00,583.00,31059
20231115,583.00,583.00,575.00,581.00,53122
20231114,576.00,576.00,571.00,572.00,25366
20231113,579.00,580.00,571.00,571.00,46556
20231110,555.00,557.00,554.00,557.00,14105
20231109,551.00,557.00,551.00,557.00,13649
20231108,550.00,557.00,550.00,556.00,16780
20231107,552.00,555.00,550.00,555.00,16990
20231106,553.00,556.00,550.00,550.00,31297
20231103,547.00,549.00,545.00,549.00,16673
20231102,536.00,547.00,535.00,547.00,31075
20231101,533.00,533.00,527.00,528.00,14028
20231031,535.00,535.00,527.00,529.00,28073
20231030,531.00,534.00,528.00,532.00,23299
20231027,534.00,536.00,532.00,533.00,17050
20231026,530.00,535.00,530.00,531.00,31682
20231025,544.00,551.00,544.00,544.00,17137
20231024,543.00,546.00,540.00,544.00,15761
20231023,552.00,553.00,543.00,544.00,24172
20231020,549.00,556.00,546.00,556.00,49143
20231019,540.00,548.00,540.00,546.00,26999
20231018,549.00,549.00,540.00,540.00,28848
20231017,550.00,552.00,548.00,551.00,19462
20231016,546.00,547.00,542.00,545.00,21867
20231013,550.00,554.00,548.00,553.00,34704
20231012,545.00,550.00,544.00,550.00,36350
20231011,542.00,544.00,540.00,544.00,61670
20231006,530.00,533.00,529.00,532.00,16160
20231005,523.00,529.00,523.00,528.00,25749
20231004,521.00,523.00,519.00,520.00,29808
20231003,528.00,533.00,528.00,529.00,17601
20231002,530.00,534.00,528.00,533.00,26891
20230928,523.00,525.00,520.00,523.00,28350
20230927,517.00,523.00,516.00,522.00,18655
20230926,521.00,524.00,519.00,519.00,29064
20230925,522.00,529.00,522.00,525.00,20583
20230922,523.00,525.00,522.00,522.00,33499
20230921,530.00,531.00,526.00,527.00,35984
20230920,536.00,538.00,535.00,535.00,28098
20230919,539.00,543.00,538.00,538.00,21099
20230918,548.00,549.00,540.00,540.00,40148
20230915,549.00,558.00,547.00,558.00,44681
20230914,544.00,550.00,543.00,550.00,18377
20230913,545.00,548.00,541.00,541.00,16836
20230912,536.00,545.00,536.00,544.00,17135
20230911,539.00,540.00,536.00,536.00,15540
20230908,535.00,540.00,535.00,539.00,16702
20230907,546.00,548.00,542.00,542.00,22610
20230906,556.00,556.00,550.00,550.00,14442
20230905,553.00,555.00,550.00,552.00,14337
20230904,549.00,557.00,549.00,557.00,9772
20230901,543.00,553.00,543.00,548.00,15194
20230831,553.00,556.00,548.00,549.00,47265
20230830,558.00,560.00,554.00,555.00,18674
20230829,551.00,553.00,546.00,552.00,10969
20230828,547.00,553.00,547.00,549.00,9384
20230825,549.00,551.00,546.00,546.00,25782
20230824,563.00,564.00,558.00,564.00,24409
20230823,546.00,552.00,544.00,552.00,21701
20230822,544.00,544.00,538.00,541.00,14853
20230821,544.00,544.00,534.00,537.00,18313
20230818,540.00,544.00,539.00,539.00,19582
20230817,540.00,546.00,537.00,544.00,24070
20230816,541.00,543.00,536.00,542.00,29612
20230815,543.00,545.00,540.00,542.00,16341
20230814,540.00,543.00,537.00,541.00,24728
20230811,556.00,558.00,546.00,546.00,24816
20230810,552.00,554.00,550.00,551.00,18884
20230809,550.00,557.00,550.00,554.00,15088
20230808,558.00,558.00,551.00,552.00,21167
20230807,558.00,561.00,556.00,558.00,15607
20230804,556.00,560.00,552.00,554.00,29320
20230802,567.00,569.00,558.00,561.00,34495
20230801,565.00,568.00,564.00,567.00,18916
20230731,575.00,575.00,560.00,565.00,28409
20230728,569.00,573.00,565.00,567.00,19009
20230727,570.00,570.00,566.00,569.00,13004
20230726,569.00,571.00,563.00,566.00,15147
20230725,561.00,569.00,561.00,569.00,22767
20230724,557.00,563.00,557.00,558.00,27656
20230721,560.00,563.00,557.00,560.00,52275
20230720,580.00,584.00,578.00,579.00,15676
20230719,584.00,587.00,579.00,581.00,24909
20230718,587.00,588.00,580.00,581.00,22022
20230717,588.00,591.00,587.00,591.00,14311
20230714,589.00,591.00,587.00,591.00,24381
20230713,587.00,590.00,585.00,585.00,26878
20230712,574.00,578.00,572.00,578.00,16220
20230711,574.00,577.00,570.00,577.00,18566
20230710,567.00,573.00,565.00,565.00,18996
20230707,565.00,572.00,563.00,565.00,19858
20230706,573.00,574.00,565.00,565.00,32069
20230705,589.00,589.00,579.00,582.00,15553
20230704,585.00,585.00,580.00,585.00,17777
20230703,578.00,580.00,576.00,579.00,15118
20230630,570.00,576.00,568.00,576.00,33830
20230629,578.00,580.00,570.00,573.00,18046
20230628,579.00,579.00,571.00,574.00,18684
20230627,570.00,575.00,569.00,572.00,22447
20230626,576.00,578.00,574.00,574.00,29870
20230621,582.00,585.00,578.00,581.00,23718
20230620,579.00,585.00,579.00,583.00,17013
20230619,583.00,585.00,582.00,583.00,14883
20230616,590.00,590.00,584.00,589.00,41560
20230615,590.00,593.00,587.00,591.00,29868
20230614,590.00,591.00,587.00,590.00,25981
20230613,593.00,594.00,589.00,593.00,62671
20230612,574.00,574.00,571.00,574.00,28656
20230609,561.00,566.00,561.00,565.00,19776
20230608,562.00,568.00,555.00,559.00,25250
20230607,561.00,568.00,560.00,568.00,29091
20230606,554.00,562.00,553.00,560.00,21562
20230605,560.00,560.00,555.00,555.00,17483
20230602,559.00,564.00,557.00,562.00,34705
20230601,550.00,554.00,550.00,551.00,25257
20230531,560.00,562.00,551.00,558.00,90675
20230530,566.00,568.00,563.00,566.00,47490
20230529,574.00,574.00,564.00,568.00,58813
20230526,568.00,568.00,563.00,566.00,104924
20230525,542.00,545.00,537.00,543.00,68360
20230524,527.00,528.00,524.00,525.00,22621
20230523,530.00,531.00,525.00,530.00,20126
20230522,532.00,533.00,529.00,531.00,19037
20230519,535.00,535.00,529.00,532.00,34742
20230518,533.00,536.00,526.00,530.00,46107
20230517,508.00,521.00,506.00,519.00,44352
20230516,503.00,508.00,500.00,505.00,24052
20230515,497.00,499.50,494.50,495.50,15548
20230512,496.00,500.00,495.00,496.00,20746
20230511,506.00,506.00,498.50,499.00,13775
20230510,508.00,508.00,500.00,503.00,19385
20230509,507.00,510.00,505.00,510.00,18762
20230508,509.00,509.00,502.00,504.00,11737
20230505,500.00,502.00,498.50,500.00,7898
20230504,497.00,499.50,496.00,498.00,13699
20230503,496.00,498.00,495.00,496.00,12694
20230502,500.00,502.00,496.50,501.00,17142
20230428,498.50,502.00,498.00,502.00,38812
20230427,491.00,495.00,489.00,493.50,34149
20230426,498.00,498.50,491.00,491.50,33174
20230425,504.00,505.00,498.00,498.00,40916
20230424,505.00,510.00,504.00,507.00,17579
20230421,520.00,520.00,510.00,511.00,25440
20230420,512.00,516.00,510.00,513.00,21002
20230419,517.00,518.00,509.00,510.00,23209
20230418,518.00,520.00,514.00,515.00,15687
20230417,519.00,520.00,514.00,520.00,17895
20230414,516.00,520.00,513.00,516.00,21174
20230413,515.00,517.00,510.00,510.00,27501
20230412,523.00,524.00,517.00,520.00,24772
20230411,522.00,527.00,522.00,524.00,23087
20230410,533.00,533.00,528.00,529.00,8203
20230407,535.00,535.00,529.00,531.00,11114
20230406,530.00,531.00,526.00,530.00,26706
20230331,538.00,538.00,532.00,533.00,24324
20230330,536.00,537.00,531.00,535.00,20380
20230329,533.00,533.00,525.00,530.00,17620
20230328,525.00,530.00,524.00,525.00,18327
20230327,533.00,536.00,531.00,531.00,17170
20230324,536.00,539.00,535.00,539.00,22963
20230323,528.00,539.00,528.00,538.00,28614
20230322,524.00,533.00,524.00,533.00,45681
20230321,515.00,517.00,512.00,517.00,18519
20230320,517.00,518.00,510.00,512.00,12752
20230317,516.00,518.00,513.00,518.00,35872
20230316,505.00,510.00,504.00,505.00,23325
20230315,515.00,516.00,510.00,511.00,24080
20230314,511.00,514.00,510.00,510.00,26599
20230313,513.00,518.00,509.00,516.00,22568
20230310,515.00,516.00,511.00,513.00,25572
20230309,525.00,526.00,522.00,522.00,25639
20230308,521.00,523.00,518.00,521.00,27077
20230307,521.00,526.00,519.00,524.00,27650
20230306,520.00,524.00,517.00,521.00,24741
20230303,524.00,525.00,516.00,516.00,24117
20230302,519.00,520.00,515.00,519.00,18017
20230301,504.00,522.00,504.00,522.00,45971
20230224,524.00,525.00,511.00,511.00,48372
20230223,512.00,521.00,510.00,518.00,26801
20230222,506.00,509.00,505.00,507.00,26578
20230221,515.00,517.00,513.00,516.00,15097
20230220,514.00,519.00,511.00,517.00,21181
20230217,524.00,524.00,516.00,518.00,29673
20230216,528.00,531.00,524.00,528.00,33509
20230215,526.00,532.00,522.00,525.00,66068
20230214,544.00,546.00,543.00,545.00,23855
20230213,544.00,544.00,538.00,541.00,23903
20230210,544.00,546.00,541.00,545.00,30445
20230209,540.00,540.00,536.00,540.00,22311
20230208,538.00,540.00,534.00,540.00,37633
20230207,524.00,528.00,522.00,523.00,24362
20230206,532.00,533.00,526.00,526.00,32208
20230203,540.00,542.00,536.00,542.00,34156
20230202,538.00,542.00,537.00,540.00,46523
20230201,532.00,533.00,522.00,530.00,42539
20230131,537.00,538.00,521.00,522.00,79212
20230130,542.00,543.00,534.00,543.00,148413
20230117,504.00,504.00,499.50,503.00,29443
20230116,506.00,508.00,503.00,505.00,38781
20230113,507.00,509.00,499.00,500.00,81848
20230112,487.50,488.00,484.00,486.50,22416
20230111,487.00,488.00,482.00,484.50,21749
20230110,486.00,487.00,483.00,486.00,34785
20230109,468.00,481.00,467.50,481.00,49186
20230106,455.00,459.50,455.00,458.50,21313
20230105,459.00,459.50,455.00,458.50,23972
20230104,449.50,455.00,448.50,449.50,20626
20230103,446.00,453.50,443.00,453.00,15311
20221230,455.00,456.50,448.50,448.50,22297
20221229,444.00,449.50,442.50,446.00,25596
20221228,451.00,452.00,446.00,451.00,34823
20221227,458.00,462.50,457.00,457.00,10486
20221226,454.00,457.00,453.50,456.50,9152
20221223,457.50,458.50,455.00,455.00,26724
20221222,466.50,469.00,464.00,468.00,14519
20221221,460.00,463.00,457.00,459.00,40831
20221220,465.00,467.00,455.00,457.50,33181
20221219,466.50,469.50,465.00,466.50,24231
20221216,466.50,471.00,465.50,471.00,51707
20221215,476.00,481.50,474.50,480.50,26001
20221214,472.00,480.50,472.00,480.50,35263
20221213,473.00,476.00,471.00,471.50,36028
20221212,476.50,478.00,473.50,475.00,24064
20221209,478.00,484.50,476.00,481.50,28903
20221208,475.00,475.00,467.00,471.50,28348
20221207,477.00,485.50,475.00,475.00,39978
20221206,488.00,489.00,478.00,478.00,44964
20221205,491.50,497.50,489.00,489.00,33048
20221202,490.00,497.00,490.00,492.50,29909
20221201,506.00,508.00,498.50,498.50,43684
20221130,483.00,490.00,482.50,490.00,60728
20221129,473.50,488.00,473.00,487.00,40266
20221128,486.00,490.00,480.50,480.50,40815
20221125,494.00,498.00,494.00,498.00,41461
20221124,494.00,496.00,492.00,496.00,28477
20221123,494.50,496.00,488.50,492.00,34752
20221122,476.00,491.00,476.00,491.00,39329
20221121,487.50,489.50,480.50,482.00,30609
20221118,491.50,494.00,486.00,487.00,37001
20221117,482.50,485.00,475.00,485.00,46850
20221116,491.50,494.00,481.50,487.00,88416
20221115,465.00,487.00,462.00,480.00,118536
20221114,450.00,450.00,441.50,445.00,63282
20221111,441.50,442.00,435.00,441.50,83770
20221110,409.00,411.50,406.00,407.50,33671
20221109,403.50,417.00,403.50,417.00,56357
20221108,395.00,399.50,394.00,399.00,32576
20221107,390.00,393.00,387.00,390.00,37704
20221104,381.00,384.50,378.50,382.00,30839
20221103,385.00,387.00,383.50,384.00,42092
20221102,391.00,395.00,388.50,395.00,23169
20221101,388.50,393.00,386.00,391.50,42123
20221031,386.00,390.00,381.00,390.00,40598
20221028,379.50,382.00,375.00,379.50,44691
20221027,384.50,389.00,382.50,385.50,47160
20221026,370.50,379.00,370.00,376.00,61440
20221025,380.00,382.50,371.00,371.00,81173
20221024,395.00,397.50,387.00,387.00,48691
20221021,395.50,398.50,389.50,389.50,38968
20221020,391.00,397.50,386.00,397.50,63202
20221019,404.00,405.00,395.50,395.50,48655
20221018,406.50,407.00,399.50,407.00,41304
20221017,400.00,403.50,396.00,397.00,45038
20221014,414.50,416.00,409.00,412.00,59841
20221013,400.50,403.00,395.00,395.00,43158
20221012,397.00,400.00,395.50,397.50,64138
20221011,408.00,412.50,401.00,401.50,109842
20221007,448.50,448.50,437.00,438.00,32872
20221006,450.50,451.00,447.00,451.00,30750
20221005,444.50,451.00,442.00,445.00,48321
20221004,429.50,432.00,427.00,429.00,42455
20221003,418.50,424.50,416.50,417.00,38354
20220930,424.50,427.50,422.00,422.00,58366
20220929,443.00,443.50,432.00,435.00,42884
20220928,447.00,449.00,438.00,438.00,37827
20220927,449.00,451.50,446.00,448.00,29570
20220926,443.00,454.00,443.00,446.50,34856
20220923,458.50,460.50,455.00,455.00,32804
20220922,462.00,468.00,459.00,464.50,31417
20220921,473.50,475.50,468.50,471.00,24686
20220920,470.50,478.00,470.00,476.50,23269
20220919,472.00,473.00,466.50,467.00,20724
20220916,470.50,472.00,469.00,472.00,41889
20220915,476.00,480.00,476.00,476.50,24272
20220914,478.50,482.50,476.00,480.00,25046
20220913,495.00,495.00,491.00,493.00,18916
20220912,485.00,491.00,485.00,486.50,27181
20220908,473.00,475.00,472.00,475.00,35355
20220907,477.00,478.00,472.00,472.50,38168
20220906,488.50,491.50,486.50,489.00,21197
20220905,485.00,488.00,484.00,486.00,17327
20220902,488.00,489.50,485.00,485.00,33877
20220901,495.00,495.50,490.00,490.50,42008
20220831,492.00,505.00,492.00,505.00,50999
20220830,497.50,500.00,496.00,496.00,25699
20220829,497.00,502.00,496.00,498.50,28217
20220826,513.00,515.00,511.00,512.00,13268
20220825,505.00,510.00,504.00,508.00,10254
20220824,504.00,508.00,503.00,503.00,14995
20220823,503.00,506.00,502.00,504.00,20997
20220822,511.00,514.00,510.00,510.00,23175
20220819,519.00,523.00,517.00,519.00,14235
20220818,520.00,521.00,519.00,520.00,18721
20220817,524.00,527.00,521.00,527.00,28461
20220816,526.00,526.00,523.00,525.00,21234
20220815,520.00,524.00,519.00,523.00,22519
20220812,515.00,518.00,514.00,517.00,21343
20220811,513.00,514.00,510.00,514.00,24906
20220810,500.00,503.00,499.50,500.00,22112
20220809,507.00,511.00,504.00,510.00,24370
20220808,510.00,515.00,509.00,512.00,20568
20220805,509.00,516.00,507.00,516.00,35052
20220804,499.00,503.00,495.00,500.00,26589
20220803,494.00,501.00,493.00,501.00,29838
20220802,494.00,496.00,488.50,492.00,42669
20220801,506.00,508.00,500.00,504.00,24991
20220729,508.00,510.00,504.00,509.00,30632
20220728,509.00,509.00,499.00,501.00,35020
20220727,494.00,502.00,491.00,502.00,18411
20220726,499.50,499.50,491.00,495.00,19524
20220725,500.00,503.00,498.00,499.50,16803
20220722,505.00,505.00,500.00,503.00,26904
20220721,496.00,501.00,494.00,501.00,23893
20220720,502.00,503.00,491.50,495.00,36862
20220719,487.50,493.00,486.50,491.00,20554
20220718,495.50,498.50,488.50,495.50,40797
20220715,481.00,494.00,477.00,492.50,56039
20220714,466.00,477.50,463.00,475.00,34014
20220713,470.50,473.00,466.00,470.50,48134
20220712,458.00,458.00,449.50,449.50,24155
20220711,468.00,470.50,461.00,462.00,22930
20220708,470.00,470.50,461.50,467.00,39134
20220707,442.00,459.00,438.50,457.50,50984
20220706,442.00,447.50,435.00,435.50,42156
20220705,449.50,451.50,433.00,446.00,55469
20220704,443.00,451.50,440.00,440.00,61206
20220701,471.50,474.00,452.50,453.50,72597
20220630,484.50,486.50,476.00,476.00,49820
20220629,496.00,498.50,491.00,491.00,33124
20220628,496.00,500.00,496.00,497.50,16867
20220627,496.00,506.00,495.50,498.50,38684
20220624,489.50,492.50,485.50,486.50,29003
20220623,492.00,493.50,485.00,485.50,46808
20220622,501.00,503.00,494.50,494.50,33438
20220621,501.00,505.00,499.00,505.00,34432
20220620,500.00,502.00,495.00,498.00,36664
20220617,499.50,503.00,499.00,501.00,48400
20220616,515.00,516.00,507.00,508.00,31908
20220615,508.00,515.00,508.00,509.00,38360
20220614,507.00,514.00,507.00,513.00,38838
20220613,518.00,519.00,515.00,516.00,36758
20220610,530.00,533.00,529.00,530.00,22614
20220609,538.00,542.00,537.00,541.00,16894
20220608,539.00,545.00,538.00,544.00,19609
20220607,535.00,538.00,532.00,535.00,22152
20220606,541.00,544.00,538.00,540.00,23732
20220602,544.00,545.00,540.00,540.00,26063
20220601,550.00,555.00,548.00,549.00,32970
20220531,542.00,560.00,540.00,560.00,81962
20220530,538.00,547.00,537.00,547.00,36480
20220527,524.00,530.00,522.00,530.00,30113
20220526,523.00,525.00,513.00,514.00,31542
20220525,522.00,529.00,520.00,524.00,22460
20220524,530.00,531.00,520.00,520.00,19130
20220523,533.00,534.00,528.00,528.00,18919
20220520,524.00,532.00,523.00,530.00,26111
20220519,523.00,527.00,520.00,522.00,40798
20220518,541.00,541.00,534.00,538.00,33605
20220517,521.00,533.00,520.00,530.00,25812
20220516,521.00,524.00,518.00,520.00,22012
20220513,507.00,514.00,506.00,511.00,30204
20220512,516.00,518.00,505.00,505.00,35824
20220511,518.00,526.00,518.00,521.00,28109
20220510,506.00,519.00,505.00,518.00,44322
20220509,523.00,524.00,520.00,520.00,27309
20220506,528.00,531.00,526.00,528.00,34512
20220505,543.00,544.00,539.00,542.00,22540
20220504,533.00,537.00,530.00,534.00,17305
20220503,538.00,540.00,530.00,531.00,29502
20220429,547.00,547.00,535.00,538.00,39960
20220428,530.00,532.00,523.00,531.00,50406
20220427,530.00,532.00,526.00,526.00,65034
20220426,550.00,551.00,544.00,546.00,39549
20220425,550.00,552.00,546.00,547.00,49067
20220422,558.00,559.00,557.00,558.00,35567
20220421,571.00,571.00,565.00,565.00,21539
20220420,570.00,570.00,562.00,570.00,28240
20220419,566.00,569.00,563.00,565.00,18811
20220418,559.00,566.00,558.00,561.00,16579
20220415,562.00,566.00,561.00,562.00,33158
20220414,577.00,578.00,573.00,573.00,20224
20220413,564.00,576.00,563.00,573.00,36968
20220412,554.00,564.00,552.00,557.00,34799
20220411,563.00,566.00,558.00,558.00,41713
20220408,567.00,570.00,566.00,567.00,31406
20220407,571.00,573.00,566.00,566.00,47212
20220406,578.00,580.00,575.00,578.00,40726
20220401,585.00,589.00,584.00,589.00,31247
20220331,602.00,602.00,594.00,597.00,25130
20220330,599.00,600.00,597.00,600.00,43256
20220329,586.00,589.00,584.00,589.00,15742
20220328,581.00,586.00,580.00,584.00,27954
20220325,597.00,598.00,595.00,598.00,26794
20220324,587.00,592.00,585.00,591.00,20769
20220323,590.00,590.00,586.00,590.00,27475
20220322,577.00,586.00,577.00,583.00,23421
20220321,583.00,589.00,583.00,586.00,22800
20220318,582.00,582.00,576.00,581.00,49583
20220317,578.00,583.00,575.00,582.00,65820
20220316,564.00,565.00,555.00,558.00,50764
20220315,562.00,563.00,558.00,558.00,84338
20220314,574.00,577.00,572.00,572.00,38562
20220311,581.00,582.00,574.00,575.00,42981
20220310,585.00,589.00,582.00,587.00,49092
20220309,567.00,573.00,567.00,568.00,57512
20220308,561.00,570.00,561.00,563.00,88371
20220307,580.00,581.00,575.00,576.00,97167
20220304,595.00,597.00,592.00,595.00,65235
20220303,603.00,607.00,601.00,602.00,37103
20220302,601.00,605.00,600.00,601.00,42428
20220301,599.00,610.00,599.00,604.00,70303
20220225,600.00,609.00,600.00,604.00,94155
20220224,618.00,619.00,604.00,604.00,80672
20220223,624.00,629.00,623.00,625.00,34561
20220222,628.00,630.00,625.00,627.00,38526
20220221,633.00,636.00,632.00,632.00,25769
20220218,638.00,639.00,636.00,637.00,21948
20220217,644.00,646.00,641.00,645.00,20447
20220216,645.00,646.00,640.00,646.00,27395
20220215,633.00,639.00,633.00,633.00,24497
20220214,640.00,641.00,635.00,637.00,39394
20220211,646.00,650.00,642.00,650.00,28194
20220210,639.00,649.00,637.00,649.00,37388
20220209,635.00,637.00,630.00,633.00,33633
20220208,645.00,645.00,628.00,628.00,43786
20220207,644.00,644.00,631.00,635.00,64637
20220126,635.00,641.00,635.00,636.00,33093
20220125,643.00,645.00,638.00,641.00,53927
20220124,639.00,655.00,637.00,653.00,48665
20220121,644.00,646.00,637.00,641.00,53966
20220120,650.00,657.00,646.00,651.00,48996
20220119,652.00,660.00,651.00,654.00,44092
20220118,678.00,681.00,662.00,662.00,48802
20220117,685.00,688.00,678.00,683.00,63828
20220114,673.00,673.00,661.00,672.00,98768
20220113,658.00,662.00,655.00,661.00,39172
20220112,657.00,660.00,650.00,660.00,40832
20220111,646.00,651.00,639.00,651.00,36186
20220110,628.00,645.00,627.00,643.00,39286
20220107,643.00,646.00,632.00,634.00,39847
20220106,638.00,646.00,636.00,644.00,57490
20220105,669.00,669.00,646.00,650.00,72505
20220104,645.00,656.00,644.00,656.00,90945
20220103,619.00,632.00,618.00,631.00,73703
20211230,619.00,620.00,615.00,615.00,20522
20211229,615.00,619.00,614.00,616.00,25604
20211228,610.00,615.00,610.00,615.00,35156
20211227,604.00,610.00,604.00,606.00,16771
20211224,606.00,609.00,604.00,604.00,12008
20211223,607.00,608.00,602.00,606.00,16910
20211222,598.00,601.00,598.00,600.00,10127
20211221,597.00,600.00,595.00,597.00,17669
20211220,607.00,607.00,598.00,598.00,22381
20211217,601.00,607.00,599.00,607.00,30319
20211216,605.00,605.00,601.00,605.00,22151
20211215,597.00,601.00,596.00,600.00,22419
20211214,598.00,600.00,597.00,599.00,22997
20211213,609.00,610.00,601.00,601.00,17994
20211210,605.00,608.00,602.00,605.00,11371
20211209,606.00,608.00,602.00,608.00,12467
20211208,614.00,614.00,602.00,602.00,22194
20211207,602.00,607.00,597.00,607.00,21105
20211206,603.00,609.00,600.00,600.00,24474
20211203,614.00,614.00,606.00,608.00,27571
20211202,605.00,615.00,602.00,615.00,48720
20211201,596.00,603.00,594.00,600.00,30119
20211130,597.00,600.00,591.00,596.00,69160
20211129,594.00,598.00,591.00,593.00,24160
20211126,598.00,601.00,592.00,596.00,27882
20211125,605.00,607.00,601.00,603.00,14171
20211124,612.00,612.00,602.00,603.00,22978
20211123,615.00,615.00,611.00,612.00,20022
20211122,618.00,618.00,615.00,615.00,23296
20211119,622.00,623.00,617.00,618.00,38847
20211118,613.00,614.00,607.00,613.00,22933
20211117,615.00,615.00,608.00,610.00,21829
20211116,612.00,612.00,608.00,610.00,21776
20211115,609.00,611.00,607.00,608.00,17140
20211112,610.00,611.00,602.00,604.00,21373
20211111,600.00,606.00,600.00,606.00,20257
20211110,611.00,612.00,608.00,612.00,18518
20211109,611.00,617.00,610.00,611.00,42340
20211108,600.00,602.00,598.00,602.00,20886
20211105,598.00,600.00,595.00,600.00,35086
20211104,592.00,594.00,585.00,587.00,18888
20211103,597.00,597.00,592.00,592.00,11404
20211102,594.00,597.00,590.00,592.00,16544
20211101,591.00,593.00,590.00,590.00,17110
20211029,595.00,596.00,589.00,590.00,27684
20211028,598.00,598.00,591.00,595.00,16927
20211027,598.00,599.00,594.00,599.00,16260
20211026,595.00,600.00,593.00,599.00,27047
20211025,597.00,597.00,590.00,593.00,17724
20211022,600.00,602.00,594.00,600.00,14236
20211021,602.00,603.00,595.00,596.00,16882
20211020,603.00,604.00,597.00,598.00,17537
20211019,598.00,600.00,593.00,600.00,18709
20211018,604.00,604.00,590.00,590.00,19753
20211015,592.00,600.00,586.00,600.00,55305
20211014,579.00,579.00,573.00,573.00,14270
20211013,572.00,575.00,570.00,571.00,19267
20211012,570.00,575.00,564.00,575.00,27126
20211008,582.00,583.00,573.00,575.00,22601
20211007,575.00,582.00,572.00,580.00,28480
20211006,573.00,574.00,565.00,571.00,33989
20211005,562.00,572.00,560.00,572.00,36063
20211004,574.00,575.00,569.00,572.00,22288
20211001,579.00,579.00,571.00,574.00,39006
20210930,580.00,585.00,575.00,580.00,36318
20210929,580.00,583.00,577.00,580.00,51834
20210928,595.00,596.00,592.00,594.00,17325
20210927,600.00,602.00,593.00,602.00,20034
20210924,591.00,598.00,590.00,598.00,17302
20210923,588.00,593.00,588.00,588.00,22736
20210922,586.00,589.00,583.00,586.00,42732
20210917,600.00,610.00,599.00,600.00,42383
20210916,603.00,607.00,599.00,600.00,23315
20210915,610.00,613.00,607.00,607.00,26041
20210914,618.00,618.00,612.00,613.00,16024
20210913,619.00,620.00,613.00,615.00,15809
20210910,615.00,623.00,614.00,622.00,16740
20210909,612.00,620.00,610.00,619.00,19309
20210908,622.00,627.00,612.00,619.00,38713
20210907,634.00,634.00,623.00,623.00,27422
20210906,623.00,638.00,621.00,631.00,59223
20210903,610.00,620.00,610.00,620.00,53915
20210902,613.00,615.00,607.00,607.00,26715
20210901,614.00,614.00,608.00,613.00,31242
20210831,604.00,614.00,598.00,614.00,58916
20210830,602.00,605.00,599.00,605.00,40606
20210827,596.00,600.00,593.00,599.00,29459
20210826,601.00,603.00,591.00,594.00,45027
20210825,579.00,585.00,574.00,585.00,28867
20210824,574.00,575.00,571.00,572.00,27397
20210823,560.00,572.00,559.00,566.00,34775
20210820,560.00,563.00,551.00,552.00,47741
20210819,573.00,573.00,559.00,559.00,42133
20210818,568.00,575.00,566.00,574.00,47063
20210817,580.00,582.00,578.00,580.00,31845
20210816,582.00,586.00,578.00,584.00,19949
20210813,585.00,585.00,579.00,581.00,25440
20210812,586.00,588.00,584.00,586.00,16031
20210811,590.00,590.00,585.00,590.00,20311
20210810,596.00,596.00,589.00,591.00,17620
20210809,590.00,595.00,583.00,595.00,17611
20210806,596.00,596.00,588.00,591.00,13994
20210805,598.00,598.00,593.00,596.00,15673
20210804,598.00,598.00,594.00,596.00,23714
20210803,594.00,594.00,590.00,594.00,28104
20210802,583.00,590.00,580.00,590.00,24948
20210730,581.00,582.00,578.00,580.00,26141
20210729,585.00,585.00,577.00,583.00,25014
20210728,576.00,579.00,573.00,579.00,39744
20210727,581.00,584.00,580.00,580.00,18925
20210726,591.00,591.00,580.00,580.00,22442
20210723,592.00,592.00,583.00,585.00,15705
20210722,589.00,594.00,587.00,591.00,27075
20210721,586.00,586.00,580.00,585.00,26476
20210720,579.00,584.00,579.00,581.00,16352
20210719,583.00,584.00,578.00,582.00,43248
20210716,591.00,595.00,588.00,589.00,61882
20210715,613.00,614.00,608.00,614.00,23057
20210714,613.00,615.00,608.00,613.00,39670
20210713,600.00,608.00,599.00,607.00,54894
20210712,595.00,597.00,590.00,593.00,33011
20210709,582.00,585.00,580.00,584.00,30602
20210708,595.00,595.00,588.00,588.00,21596
20210707,590.00,594.00,588.00,594.00,17329
20210706,595.00,596.00,589.00,592.00,13830
20210705,588.00,597.00,588.00,591.00,30274
20210702,590.00,593.00,587.00,588.00,19633
20210701,596.00,597.00,591.00,593.00,18719
20210630,599.00,599.00,595.00,595.00,34021
20210629,598.00,598.00,591.00,595.00,30837
20210628,590.00,590.00,586.00,590.00,15401
20210625,598.00,598.00,589.00,591.00,19140
20210624,598.00,598.00,588.00,590.00,19322
20210623,583.00,598.00,581.00,595.00,36386
20210622,585.00,588.00,578.00,578.00,30578
20210621,590.00,594.00,583.00,583.00,47339
20210618,608.00,608.00,601.00,603.00,42036
20210617,601.00,606.00,598.00,606.00,26477
20210616,608.00,608.00,605.00,605.00,28624
20210615,607.00,609.00,606.00,609.00,30245
20210611,602.00,603.00,600.00,602.00,24940
20210610,591.00,599.00,587.00,599.00,29741
20210609,586.00,588.00,583.00,586.00,21575
20210608,590.00,595.00,588.00,589.00,14083
20210607,594.00,595.00,583.00,592.00,17729
20210604,591.00,595.00,590.00,595.00,16072
20210603,600.00,600.00,596.00,596.00,31703
20210602,600.00,600.00,593.00,595.00,22416
20210601,598.00,599.00,595.00,598.00,18405
20210531,595.00,597.00,590.00,597.00,31557
20210528,587.00,592.00,582.00,590.00,30720
20210527,580.00,582.00,573.00,582.00,70061
20210526,587.00,588.00,581.00,585.00,19555
20210525,576.00,584.00,573.00,583.00,35445
20210524,570.00,572.00,566.00,568.00,15981
20210521,572.00,577.00,568.00,573.00,28009
20210520,567.00,571.00,560.00,567.00,36605
20210519,571.00,572.00,565.00,567.00,29610
20210518,563.00,573.00,555.00,572.00,44584
20210517,544.00,558.00,541.00,549.00,58446
20210514,556.00,562.00,552.00,557.00,38625
20210513,547.00,563.00,541.00,547.00,71519
20210512,567.00,571.00,518.00,560.00,138328
20210511,579.00,580.00,570.00,571.00,66035
20210510,596.00,597.00,588.00,589.00,21365
20210507,594.00,600.00,589.00,599.00,28719
20210506,590.00,590.00,580.00,587.00,33165
20210505,594.00,594.00,585.00,585.00,31786
20210504,588.00,594.00,582.00,591.00,45507
20210503,595.00,597.00,588.00,588.00,46801
20210429,609.00,609.00,600.00,600.00,35756
20210428,606.00,608.00,601.00,602.00,24601
20210427,608.00,611.00,605.00,610.00,26761
20210426,605.00,610.00,603.00,610.00,32426
20210423,592.00,602.00,590.00,602.00,29004
20210422,596.00,598.00,591.00,591.00,38094
20210421,599.00,599.00,592.00,592.00,41893
20210420,598.00,602.00,595.00,602.00,36655
20210419,605.00,607.00,601.00,603.00,25234
20210416,610.00,611.00,603.00,610.00,49952
20210415,612.00,619.00,607.00,619.00,36394
20210414,608.00,612.00,600.00,612.00,31144
20210413,604.00,613.00,604.00,605.00,27386
20210412,612.00,613.00,603.00,605.00,23319
20210409,618.00,618.00,609.00,610.00,31601
20210408,606.00,613.00,603.00,613.00,26658
20210407,614.00,614.00,608.00,610.00,28140
20210406,615.00,616.00,608.00,610.00,37664
20210401,598.00,602.00,594.00,602.00,45972
20210331,596.00,597.00,587.00,587.00,44454
20210330,600.00,600.00,592.00,597.00,34686
20210329,599.00,602.00,596.00,599.00,40573
20210326,582.00,592.00,580.00,590.00,37937
20210325,572.00,581.00,570.00,575.00,74225
20210324,571.00,582.00,571.00,576.00,115318
20210323,597.00,603.00,593.00,594.00,31933
20210322,588.00,598.00,586.00,593.00,35931
20210319,594.00,598.00,591.00,591.00,74960
20210318,606.00,609.00,602.00,602.00,30223
20210317,612.00,612.00,602.00,604.00,43942
20210316,610.00,613.00,607.00,613.00,37780
20210315,614.00,614.00,609.00,611.00,29767
20210312,615.00,618.00,609.00,614.00,33876
20210311,596.00,612.00,595.00,609.00,55462
20210310,601.00,601.00,593.00,597.00,41735
20210309,585.00,595.00,585.00,595.00,74471
20210308,608.00,610.00,598.00,598.00,47676
20210305,588.00,605.00,584.00,601.00,85579
20210304,609.00,611.00,601.00,601.00,75508
20210303,609.00,622.00,601.00,622.00,61171
20210302,621.00,622.00,609.00,609.00,57792
20210226,611.00,618.00,606.00,606.00,137933
20210225,636.00,636.00,628.00,635.00,45279
20210224,627.00,636.00,625.00,625.00,80010
20210223,641.00,643.00,633.00,641.00,52868
20210222,660.00,662.00,650.00,650.00,39512
20210219,656.00,657.00,647.00,652.00,51651
20210218,664.00,665.00,656.00,660.00,54520
20210217,663.00,668.00,660.00,663.00,115578
20210205,638.00,641.00,631.00,632.00,57350
20210204,626.00,632.00,620.00,627.00,47547
20210203,638.00,642.00,630.00,630.00,59763
20210202,629.00,638.00,622.00,632.00,80724
20210201,595.00,612.00,587.00,611.00,70161
20210129,619.00,619.00,591.00,591.00,96875
20210128,600.00,608.00,598.00,601.00,104181
20210127,618.00,625.00,611.00,615.00,72823
20210126,632.00,640.00,610.00,617.00,114797
20210125,642.00,646.00,626.00,633.00,98608
20210122,649.00,665.00,649.00,649.00,134238
20210121,640.00,679.00,640.00,673.00,97590
20210120,633.00,650.00,631.00,647.00,95484
20210119,618.00,632.00,613.00,627.00,52947
20210118,608.00,608.00,594.00,607.00,50388
20210115,621.00,625.00,601.00,601.00,100998
20210114,587.00,597.00,587.00,592.00,90309
20210113,595.00,605.00,593.00,605.00,75707
20210112,583.00,597.00,582.00,591.00,52605
20210111,577.00,584.00,574.00,584.00,52771
20210108,580.00,580.00,571.00,580.00,62957
20210107,554.00,570.00,553.00,565.00,53392
20210106,555.00,555.00,541.00,549.00,55614
20210105,536.00,542.00,535.00,542.00,34839
20210104,530.00,540.00,528.00,536.00,39489
20201231,526.00,530.00,524.00,530.00,31173
20201230,516.00,525.00,514.00,525.00,46705
20201229,515.00,517.00,513.00,515.00,20226
20201228,512.00,515.00,509.00,515.00,19520
20201225,514.00,515.00,510.00,511.00,12581
20201224,511.00,512.00,508.00,510.00,15218
20201223,508.00,511.00,506.00,509.00,18320
20201222,512.00,516.00,509.00,509.00,25632
20201221,512.00,517.00,508.00,516.00,35153
20201218,508.00,512.00,507.00,510.00,40625
20201217,515.00,515.00,508.00,508.00,39285
20201216,509.00,515.00,507.00,512.00,53661
20201215,507.00,510.00,504.00,504.00,43059
20201214,512.00,513.00,508.00,508.00,30809
20201211,517.00,517.00,505.00,516.00,51296
20201210,511.00,515.00,510.00,512.00,43991
20201209,521.00,524.00,520.00,520.00,46831
20201208,514.00,525.00,509.00,524.00,41830
20201207,512.00,515.00,506.00,514.00,45493
20201204,498.50,505.00,497.50,503.00,54471
20201203,499.50,499.50,495.00,497.00,36919
20201202,499.50,500.00,493.50,499.00,60208
20201201,489.50,490.00,483.50,490.00,38341
20201130,493.00,493.50,480.50,480.50,149311
20201127,487.50,492.00,486.50,489.00,35196
20201126,489.00,493.50,488.00,489.00,31844
20201125,495.00,495.50,487.00,487.00,47179
20201124,499.50,500.00,491.50,492.00,38630
20201123,494.50,498.50,492.00,496.50,43708
20201120,486.00,490.00,486.00,488.00,35242
20201119,499.00,499.00,490.00,490.00,47345
20201118,490.00,497.00,486.50,497.00,56607
20201117,502.00,506.00,485.50,485.50,75763
20201116,470.00,484.50,469.00,484.00,83380
20201113,459.00,462.00,456.50,462.00,31483
20201112,463.00,463.50,457.50,458.00,57993
20201111,448.50,457.00,448.50,457.00,40355
20201110,452.00,454.50,448.50,451.00,36786
20201109,458.00,460.00,454.00,458.50,43415
20201106,455.00,455.50,450.00,452.50,32644
20201105,451.50,451.50,445.50,451.00,36539
20201104,444.50,451.50,443.00,450.00,37929
20201103,439.50,443.00,438.00,441.00,31461
20201102,433.00,435.50,428.00,435.50,34539
20201030,437.00,437.00,432.00,432.00,49770
20201029,436.50,439.50,435.50,437.00,43075
20201028,445.00,447.00,443.00,444.00,26221
20201027,447.50,448.50,445.50,447.00,31795
20201026,455.00,455.00,450.00,450.00,15800
20201023,458.00,458.00,451.50,452.00,18777
20201022,450.00,455.00,449.50,455.00,25285
20201021,453.50,456.00,451.00,453.00,29906
20201020,455.50,457.00,451.00,451.00,26567
20201019,453.00,457.50,451.00,457.50,34846
20201016,451.00,456.00,448.50,449.00,48274
20201015,456.00,456.50,450.00,453.00,49987
20201014,460.50,461.00,457.00,459.00,52677
20201013,465.00,465.00,456.50,462.00,46303
20201012,458.00,462.00,457.50,460.00,67645
20201008,450.00,454.00,448.50,453.00,60853
20201007,435.00,445.00,435.00,443.00,44691
20201006,441.50,442.00,437.50,439.50,36276
20201005,438.00,438.00,431.50,432.50,33238
20200930,430.50,435.00,430.50,433.00,28859
20200929,432.50,435.00,428.00,431.00,42730
20200928,427.00,431.50,424.50,431.50,34427
20200925,427.00,428.00,421.00,424.00,41263
20200924,425.50,429.00,423.00,423.00,82510
20200923,436.00,438.50,432.00,433.50,47426
20200922,440.00,441.00,436.00,437.00,36842
20200921,443.50,450.00,440.00,440.00,40193
20200918,447.00,449.50,443.00,444.00,52999
20200917,453.00,455.00,446.50,448.50,44420
20200916,460.00,462.00,455.50,458.00,70608
20200915,440.50,447.00,439.50,445.00,39661
20200914,436.00,442.00,435.50,441.00,39325
20200911,435.50,436.50,432.50,436.50,34893
20200910,432.50,435.00,430.50,435.00,35281
20200909,425.00,428.00,423.00,427.00,40727
20200908,428.00,433.00,427.50,431.00,23714
20200907,428.00,432.50,425.00,426.00,39854
20200904,427.00,432.50,427.00,429.00,51349
20200903,439.50,439.50,433.50,436.00,40683
20200902,441.00,441.00,430.50,433.00,42013
20200901,430.00,435.00,428.00,435.00,50129
20200831,437.00,439.50,426.50,426.50,88569
20200828,440.00,440.50,431.00,435.00,57039
20200827,448.00,453.50,444.00,444.00,57206
20200826,435.50,442.00,435.00,442.00,41406
20200825,433.50,436.00,430.50,434.50,37024
20200824,427.50,434.50,425.00,428.00,49199
20200821,421.50,427.00,420.00,424.50,41956
20200820,427.00,427.50,401.00,415.00,75155
20200819,436.00,436.50,427.50,427.50,31486
20200818,440.00,440.50,432.00,433.00,45504
20200817,427.00,435.00,425.50,435.00,34607
20200814,424.00,428.00,423.00,427.00,24259
20200813,428.00,429.00,424.50,429.00,45669
20200812,422.00,423.50,419.00,419.00,53980
20200811,432.00,435.00,429.00,429.00,34545
20200810,427.50,437.50,427.50,435.50,36067
20200807,433.50,434.00,428.00,433.00,37611
20200806,437.50,438.00,431.00,435.00,43443
20200805,430.50,433.50,426.00,429.00,47460
20200804,421.50,425.50,418.50,425.50,41697
20200803,420.50,424.00,415.00,416.00,77288
20200731,426.00,432.00,425.50,425.50,50484
20200730,436.50,441.00,428.50,434.00,69936
20200729,428.00,431.50,419.50,422.00,88641
20200728,464.00,466.50,428.50,435.00,172157
20200727,420.50,424.50,416.50,424.50,103315
20200724,390.00,395.00,382.00,386.00,90988
20200723,382.00,383.00,379.00,381.50,45397
20200722,381.00,386.00,379.00,384.00,43959
20200721,372.50,387.00,371.50,383.00,64440
20200720,370.00,370.00,362.50,366.00,44940
20200717,361.00,369.00,360.00,367.00,66403
20200716,359.00,361.00,353.50,357.50,68582
20200715,366.00,370.00,361.00,363.00,75105
20200714,355.00,364.00,354.50,363.50,63030
20200713,351.00,354.50,350.50,354.50,49459
20200710,352.50,353.00,345.50,348.50,60902
20200709,346.00,347.00,343.00,345.00,37410
20200708,337.50,342.50,337.50,341.00,33813
20200707,343.50,346.00,338.00,338.50,59046
20200706,332.50,338.00,332.00,338.00,57256
20200703,327.00,330.50,326.50,329.50,55656
20200702,319.00,322.00,318.00,322.00,37789
20200701,315.00,318.00,314.00,317.50,29685
20200630,313.50,314.00,311.00,313.00,49241
20200629,314.00,315.00,310.00,312.00,56672
20200624,319.00,320.00,316.00,317.50,55464
20200623,316.00,316.50,312.50,315.00,41300
20200622,314.50,316.50,312.00,312.00,37374
20200619,314.00,314.50,312.00,314.50,48130
20200618,314.50,315.00,313.00,314.50,35443
20200617,316.50,317.00,313.50,315.00,34692
20200616,317.00,317.00,314.00,315.00,40725
20200615,316.00,317.50,308.50,309.50,51032
20200612,313.00,317.50,312.50,316.00,46970
20200611,325.50,327.00,318.50,320.50,50612
20200610,319.00,324.00,318.00,322.50,42207
20200609,316.50,319.00,314.00,319.00,37068
20200608,316.00,319.00,315.00,318.00,52042
20200605,308.50,312.00,308.00,311.50,44077
20200604,305.00,306.00,304.00,306.00,47225
20200603,300.00,301.00,298.00,301.00,67894
20200602,296.00,297.50,296.00,296.50,26663
20200601,294.00,296.50,293.50,295.50,37936
20200529,292.00,292.50,290.00,292.00,96611
20200528,298.50,298.50,293.00,294.00,32395
20200527,297.00,298.00,295.50,296.50,23375
20200526,295.00,297.50,293.50,295.50,35817
20200525,290.50,293.00,288.50,292.00,32942
20200522,294.50,295.00,291.00,292.00,41138
20200521,296.00,298.00,295.00,297.50,36299
20200520,293.00,294.00,291.00,294.00,36789
20200519,294.00,294.00,291.50,291.50,53083
20200518,291.00,293.50,290.00,290.00,96872
20200515,297.50,298.50,294.50,298.00,44304
20200514,293.00,295.00,292.50,293.00,34480
20200513,293.00,297.00,292.50,297.00,46158
20200512,297.50,298.50,295.00,295.00,52494
20200511,300.00,301.50,298.50,301.00,32379
20200508,300.00,300.00,296.00,297.50,35613
20200507,294.50,299.00,294.50,297.50,28017
20200506,294.50,296.00,292.50,296.00,35704
20200505,296.50,298.00,295.00,295.50,23988
20200504,294.50,296.50,294.00,295.00,72252
20200430,302.00,305.00,301.50,304.50,58439
20200429,299.00,301.50,298.00,299.00,46253
20200428,298.50,298.50,294.50,296.50,37621
20200427,298.00,298.50,296.00,298.00,38493
20200424,295.50,297.00,294.00,294.00,26465
20200423,300.00,300.00,294.00,295.50,39977
20200422,294.50,295.00,290.50,294.00,43568
20200421,300.50,301.50,293.50,295.00,61949
20200420,308.00,309.00,302.50,304.00,44586
20200417,303.50,308.50,300.50,306.50,117447
20200416,283.00,288.50,283.00,286.50,48257
20200415,287.00,288.50,286.00,287.50,58561
20200414,281.00,285.50,280.00,285.00,50196
20200413,278.50,281.50,278.50,278.50,22196
20200410,280.00,282.00,279.00,279.50,28206
20200409,287.50,288.00,282.50,283.00,29276
20200408,285.00,285.50,283.00,285.00,38698
20200407,283.50,284.00,280.50,283.00,48887
20200406,273.00,275.50,270.00,275.50,59712
20200401,276.50,276.50,271.50,271.50,47572
20200331,273.00,274.00,269.50,274.00,53901
20200330,263.50,269.00,262.50,267.50,53403
20200327,284.00,286.00,273.00,273.00,69320
20200326,279.50,280.00,275.50,280.00,54189
20200325,276.50,280.00,274.00,277.00,80514
20200324,268.00,274.00,266.00,267.50,82377
20200323,257.00,262.50,252.00,255.00,76963
20200320,258.50,270.00,256.00,270.00,159179
20200319,252.00,253.00,235.50,248.00,160811
20200318,269.50,272.50,260.00,260.00,118620
20200317,265.00,276.50,265.00,268.00,122409
20200316,285.00,291.00,275.50,276.50,103933
20200313,275.00,294.00,272.50,290.00,151268
20200312,299.00,299.00,287.00,294.00,114173
20200311,309.00,310.50,302.00,302.00,64923
20200310,301.50,309.00,301.00,307.00,74869
20200309,307.50,310.00,305.50,305.50,88633
20200306,320.00,320.50,315.00,315.00,52807
20200305,325.00,326.00,323.00,323.00,38223
20200304,322.00,322.00,317.00,320.50,44745
20200303,318.50,320.00,316.00,317.50,55169
20200302,308.00,317.00,308.00,311.00,86372
20200227,319.00,320.00,315.00,316.00,62401
20200226,317.00,320.50,316.50,318.50,60768
20200225,320.00,323.50,317.50,322.00,38674
20200224,319.50,321.50,319.50,320.00,42946
20200221,325.50,326.50,323.00,325.00,22974
20200220,328.00,329.00,325.00,325.50,27061
20200219,322.50,327.00,322.00,326.50,48856
20200218,324.50,326.50,322.00,322.00,64662
20200217,331.50,333.00,330.50,331.50,16145
20200214,337.00,337.00,334.50,335.00,18326
20200213,338.00,338.00,335.00,335.00,23217
20200212,333.50,336.00,333.00,335.00,37612
20200211,330.50,332.50,330.00,331.50,29062
20200210,321.50,328.00,321.00,327.50,30814
20200207,330.00,330.50,326.00,328.00,30055
20200206,329.50,332.50,329.00,332.50,29659
20200205,329.00,329.50,324.50,327.50,36601
20200204,319.00,326.00,318.00,325.00,52208
20200203,315.00,316.50,312.00,315.00,59711
20200131,323.00,323.50,319.00,320.00,62912
20200130,326.00,326.00,316.50,316.50,126820
20200120,334.00,335.50,333.00,333.00,35551
20200117,334.00,335.50,332.00,333.00,53908
20200116,330.00,336.50,330.00,334.50,58217
20200115,345.00,345.00,337.50,340.00,54575
20200114,345.50,346.00,344.50,346.00,30368
20200113,342.00,342.00,339.00,341.50,30663
20200110,340.50,341.00,336.00,339.50,27880
20200109,335.00,337.50,333.50,337.50,32397
20200108,325.00,333.00,325.00,329.50,37913
20200107,332.50,333.00,326.50,329.50,51746
20200106,333.00,334.50,332.00,332.00,45677
20200103,344.00,345.00,335.50,339.50,42023
20200102,332.50,339.00,332.50,339.00,33282
20191231,331.00,333.50,331.00,331.00,22950
20191230,338.00,339.00,334.00,334.50,21591
20191227,335.00,338.00,335.00,338.00,16677
20191226,333.00,334.00,331.50,333.00,11427
20191225,332.00,334.50,331.00,333.00,12262
20191224,334.00,334.50,332.00,332.00,13783
20191223,329.50,334.00,329.50,334.00,26911
20191220,332.00,333.00,328.50,329.00,86280
20191219,340.00,342.00,335.00,335.00,55667
20191218,341.50,345.00,341.50,344.50,42486
20191217,335.00,345.00,335.00,345.00,41428
20191216,336.50,338.50,336.00,336.00,48340
20191213,340.00,343.00,338.00,339.00,60843
20191212,325.00,334.50,324.00,331.50,52801
20191211,314.00,319.00,313.00,319.00,34329
20191210,315.00,315.50,312.50,313.50,20847
20191209,314.00,316.50,314.00,316.00,23556
20191206,315.00,316.00,311.00,313.00,18402
20191205,309.00,312.00,309.00,312.00,39349
20191204,305.00,306.00,304.00,306.00,34911
20191203,305.00,307.00,305.00,307.00,27686
20191202,307.00,308.00,306.50,307.50,25516
20191129,309.00,309.50,305.00,305.00,32423
20191128,310.00,312.00,308.50,309.50,19718
20191127,307.50,311.50,307.50,311.00,18527
20191126,310.00,310.50,307.00,307.00,101916
20191125,310.50,310.50,307.00,307.00,19855
20191122,310.00,310.50,308.00,309.00,26492
20191121,309.50,311.00,307.00,311.00,30163
20191120,314.00,314.00,312.00,313.50,24538
20191119,312.50,315.00,311.00,315.00,33096
20191118,308.50,311.00,307.00,311.00,18741
20191115,305.50,307.50,304.50,307.00,29038
20191114,304.50,305.00,302.00,303.50,15734
20191113,303.00,304.00,301.50,304.00,18422
20191112,302.50,305.00,302.00,305.00,19016
20191111,305.00,305.00,300.00,301.00,35285
20191108,308.50,309.00,305.50,305.50,26230
20191107,310.00,310.00,306.50,309.00,28453
20191106,309.00,311.50,308.00,311.00,22149
20191105,307.50,310.50,307.00,310.50,32253
20191104,302.50,308.00,301.00,307.00,45155
20191101,299.50,299.50,296.50,299.00,30216
20191031,300.00,301.50,298.50,298.50,43123
20191030,298.50,299.50,296.50,299.50,32370
20191029,297.00,298.50,296.50,298.50,37130
20191028,295.00,295.50,294.00,294.50,20216
20191025,294.50,294.50,292.50,293.50,25082
20191024,294.50,294.50,291.00,293.00,29040
20191023,293.50,293.50,290.50,293.00,30382
20191022,292.50,294.00,291.50,294.00,26525
20191021,291.00,291.00,288.50,290.00,35860
20191018,293.00,295.50,291.00,293.00,45460
20191017,295.00,295.50,292.00,293.50,41920
20191016,298.00,298.00,293.50,296.50,42917
20191015,293.50,296.00,292.00,293.50,54754
20191014,291.50,291.50,288.50,290.00,53403
20191009,283.50,286.00,282.00,282.00,34895
20191008,283.50,286.50,282.50,286.50,39868
20191007,279.00,279.50,277.50,278.00,17750
20191004,279.50,280.00,275.00,276.50,35814
20191003,274.00,277.50,274.00,276.50,35874
20191002,280.00,281.00,279.00,279.50,30572
20191001,273.00,280.50,273.00,280.00,75248
20190927,271.50,272.50,271.00,272.00,44242
20190926,269.00,269.50,266.50,268.00,34128
20190925,262.50,266.00,262.00,266.00,23244
20190924,263.50,265.50,262.00,265.00,24304
20190923,264.00,264.00,263.00,264.00,14220
20190920,266.00,266.50,264.00,264.00,44555
20190919,268.00,268.00,264.00,265.00,27165
20190918,267.00,269.50,266.50,267.00,51360
20190917,266.50,266.50,264.50,265.00,30069
20190916,262.00,265.50,261.50,265.50,38913
20190912,265.00,265.00,261.50,262.50,38792
20190911,264.00,264.50,260.50,263.00,36266
20190910,263.50,264.00,260.50,261.50,30019
20190909,265.50,266.00,263.50,265.00,17317
20190906,265.00,265.00,263.00,263.50,26609
20190905,263.00,263.00,260.50,263.00,49041
20190904,254.00,258.00,254.00,257.50,23697
20190903,256.50,258.00,253.00,254.00,26086
20190902,258.00,258.00,256.00,257.50,14776
20190830,256.50,259.00,256.00,259.00,35299
20190829,253.00,254.00,251.00,254.00,20085
20190828,250.50,253.00,250.50,252.00,15280
20190827,250.50,251.00,248.50,250.00,53664
20190826,249.00,250.50,248.50,248.50,31740
20190823,253.50,254.50,253.00,254.00,14772
20190822,257.00,257.50,254.00,254.00,22136
20190821,254.50,255.00,253.00,254.50,20269
20190820,254.00,254.50,252.50,254.50,20620
20190819,251.50,253.00,250.50,252.00,25098
20190816,249.50,252.00,248.00,250.00,25696
20190815,247.00,248.50,246.00,248.00,28277
20190814,252.50,254.00,249.50,249.50,36336
20190813,249.00,249.50,246.50,246.50,25045
20190812,254.50,254.50,251.00,251.00,24732
20190808,248.00,254.00,248.00,253.50,30140
20190807,250.00,250.50,246.50,248.00,29435
20190806,240.00,250.00,240.00,248.50,58916
20190805,251.00,252.00,245.50,246.50,52835
20190802,252.00,253.50,250.50,251.50,54165
20190801,257.50,257.50,255.50,256.50,30107
20190731,260.00,260.00,257.00,259.50,36365
20190730,262.50,263.00,260.00,260.00,22895
20190729,260.00,262.00,259.50,261.00,18473
20190726,261.00,262.50,261.00,261.00,20768
20190725,264.00,265.00,261.50,265.00,30698
20190724,266.50,266.50,263.00,265.00,24511
20190723,265.50,266.50,262.50,264.00,29273
20190722,263.00,264.00,262.00,264.00,31863
20190719,259.50,261.00,259.00,259.00,59879
20190718,252.00,254.50,251.50,254.00,20908
20190717,254.00,254.00,251.00,252.00,34346
20190716,254.00,256.50,253.50,256.00,26141
20190715,251.00,254.50,249.50,254.50,34264
20190712,252.00,252.00,249.50,250.50,23868
20190711,250.00,250.00,247.50,250.00,31296
20190710,243.00,247.00,243.00,247.00,23812
20190709,241.50,243.00,240.50,242.00,16538
20190708,240.00,244.50,240.00,242.50,29190
20190705,244.50,245.00,241.50,243.00,27317
20190704,244.50,245.00,242.50,244.00,18691
20190703,244.00,245.00,242.00,242.50,29549
20190702,249.50,250.00,247.50,249.00,26832
20190701,245.50,250.00,245.00,248.50,66370
20190628,241.50,241.50,238.00,239.00,28085
20190627,236.00,241.50,236.00,240.50,42007
20190626,235.00,236.50,234.00,234.50,28770
20190625,241.00,241.50,237.00,238.50,29735
20190624,241.00,242.00,240.00,241.00,43460
20190621,248.00,248.50,246.00,248.50,62136
20190620,242.00,245.50,241.00,245.00,39717
20190619,242.50,244.00,240.50,244.00,50234
20190618,234.00,235.50,233.00,235.50,28798
20190617,231.50,235.00,230.50,233.00,51692
20190614,238.50,239.50,236.00,236.00,35403
20190613,242.50,244.00,240.00,240.00,33731
20190612,244.50,247.50,243.00,246.00,30409
20190611,240.00,246.00,239.00,244.50,34691
20190610,237.50,240.00,234.50,240.00,35521
20190606,231.50,232.00,229.50,232.00,34651
20190605,238.00,238.00,234.00,235.00,35901
20190604,237.50,238.00,233.00,233.00,24443
20190603,235.50,238.50,232.00,238.00,36687
20190531,232.00,237.50,231.00,235.50,49163
20190530,230.00,231.50,229.00,231.00,40375
20190529,228.00,230.50,227.00,229.50,32260
20190528,232.00,232.00,230.50,230.50,99322
20190527,234.00,235.00,231.00,231.00,37447
20190524,230.00,234.00,230.00,233.00,38226
20190523,233.50,233.50,230.00,230.00,62258
20190522,236.50,240.50,235.50,238.00,36289
20190521,233.50,236.00,232.50,234.00,82872
20190520,242.50,243.00,238.00,238.00,47097
20190517,249.00,249.00,241.50,241.50,40006
20190516,248.50,249.50,246.00,247.00,30331
20190515,251.00,252.00,249.00,249.00,37223
20190514,247.50,251.00,245.00,248.50,45620
20190513,253.00,254.00,249.50,250.50,29317
20190510,257.00,259.00,255.00,256.00,18868
20190509,259.50,259.50,256.00,256.50,34166
20190508,260.00,261.50,259.50,260.00,25902
20190507,259.50,263.00,259.00,262.50,25686
20190506,260.00,260.00,258.00,259.00,33688
20190503,262.00,265.00,260.50,265.00,30200
20190502,261.50,262.50,258.50,259.00,27376
20190430,260.00,260.50,258.00,259.00,40446
20190429,260.00,262.00,258.50,259.50,32651
20190426,262.00,263.00,257.50,260.00,51743
20190425,268.50,269.00,267.00,267.50,36572
20190424,270.00,270.00,267.50,269.00,37386
20190423,266.50,268.00,266.00,268.00,26251
20190422,266.50,267.50,265.00,266.00,24967
20190419,269.00,269.50,263.50,264.50,47698
20190418,264.00,266.00,263.50,264.50,48525
20190417,260.00,263.00,259.50,261.50,39037
20190416,257.00,257.00,255.50,257.00,20231
20190415,255.00,256.00,254.00,255.50,17257
20190412,251.50,253.00,251.00,252.00,13888
20190411,253.00,254.00,251.50,252.00,25146
20190410,253.00,254.50,252.00,254.00,33174
20190409,253.00,254.00,252.00,254.00,22745
20190408,251.00,253.00,250.50,253.00,46426
20190403,249.00,249.00,246.50,246.50,28581
20190402,249.50,249.50,246.00,246.00,25189
20190401,251.00,251.00,245.00,245.50,35330
20190329,243.00,245.50,240.50,245.50,31024
20190328,240.50,242.50,240.00,242.00,13998
20190327,242.00,242.50,240.50,241.50,23622
20190326,243.00,244.00,241.00,244.00,21053
20190325,240.50,243.50,240.50,241.50,19273
20190322,248.00,248.50,244.50,248.50,22996
20190321,242.50,245.50,241.00,245.50,27514
20190320,242.00,242.00,239.50,242.00,23055
20190319,239.00,240.50,238.00,240.50,14620
20190318,239.50,241.00,239.00,241.00,27040
20190315,237.00,239.50,235.50,239.00,34542
20190314,239.00,239.00,234.00,234.50,17281
20190313,234.00,237.00,234.00,237.00,22493
20190312,233.00,237.00,232.50,235.50,23839
20190311,228.00,230.50,227.50,230.50,34282
20190308,231.00,231.50,229.00,230.00,22535
20190307,235.00,235.00,233.00,234.00,17226
20190306,235.00,235.50,233.50,234.00,20811
20190305,234.00,234.50,232.50,233.00,23708
20190304,239.50,239.50,234.50,235.50,45164
20190227,238.50,239.50,237.00,239.00,37947
20190226,239.00,240.00,236.50,239.50,24586
20190225,237.50,239.00,236.00,238.00,25227
